AUC,Accuracy,rND,NDCG,GPA,SensitiveLoss,Schedule
0.9990360270863287,0.9868607521057129,0.2144361264057796,0.999960141649992,0.0027450598051916852,0.25962570309638977,[1; 1]
