nDCG,AUC,rND,GPA
0.8642455339431763,0.8649802356304055,0.12178316569987417,0.06150337053516042
